Count,2xx,4xx,5xx,Method,Uri,Sum,Avg,P95,P99,Max
27816,27816,0,0,GET,/api/app/notification,1017.889,0.037,0.091,0.140,1.033
32451,32451,0,0,GET,/api/chair/notification,794.808,0.024,0.065,0.102,0.995
15718,15718,0,0,POST,/api/chair/coordinate,461.372,0.029,0.067,0.123,1.017
133,133,0,0,GET,/api/app/nearby-chairs,69.037,0.519,1.448,1.704,1.890
160,160,0,0,GET,/api/owner/chairs,59.257,0.370,0.708,0.907,1.304
131,131,0,0,GET,/api/owner/sales,11.882,0.091,0.218,0.279,0.288
80,80,0,0,POST,^/api/app/rides/[^/]+/evaluation$,11.164,0.140,0.510,1.016,1.016
95,95,0,0,GET,/api/internal/matching,8.979,0.095,0.286,0.717,0.717
113,113,0,0,POST,/api/app/rides,7.188,0.064,0.264,0.511,1.017
175,175,0,0,POST,^/api/chair/rides/[^/]+/status$,5.330,0.030,0.071,0.315,0.634
134,134,0,0,GET,/api/app/rides,2.270,0.017,0.053,0.107,0.147
74,74,0,0,POST,/api/app/users,1.803,0.024,0.085,0.135,0.135
72,72,0,0,POST,/api/app/payment-methods,1.456,0.020,0.084,0.099,0.099
113,113,0,0,POST,/api/app/rides/estimated-fare,1.321,0.012,0.039,0.070,0.107
28,28,0,0,POST,/api/chair/chairs,0.776,0.028,0.096,0.110,0.110
28,28,0,0,POST,/api/chair/activity,0.637,0.023,0.073,0.073,0.073
