Count,Query,Sum(QueryTime),Avg(QueryTime),P95(QueryTime),Max(QueryTime),Sum(LockTime),Sum(RowsExamined),Avg(RowsExamined),Sum(RowsSent)
127387,COMMIT,488.463260,0.003834,0.007584,1.241413,0.000000,0,0.000000,0
141,"SELECT `id`,`owner_id`,`name`,`access_token`,`model`,`is_active`,`created_at`,`updated_at`,IFNULL(`total_distance`, N) AS `total_distance`,`total_distance_updated_at` FROM `chairs` LEFT JOIN (SELECT `chair_id`,SUM(IFNULL(`distance`, N)) AS `total_distance`,MAX(`created_at`) AS `total_distance_updated_at` FROM (SELECT `chair_id`,`created_at`,ABS(`latitude` - LAG(`latitude`) OVER (PARTITION BY `chair_id` ORDER BY `created_at`)) + ABS(`longitude` - LAG(`longitude`) OVER (PARTITION BY `chair_id` ORDER BY `created_at`)) AS `distance` FROM `chair_locations`) AS `tmp` GROUP BY `chair_id`) AS `distance_table` ON `distance_table`.`chair_id` = `chairs`.`id` WHERE `owner_id` = 'S'",42.383996,0.300596,0.563280,0.664546,0.000168,87579,621.127660,2847
104999,SELECT * FROM `rides` WHERE `chair_id` = 'S' ORDER BY `created_at` DESC,34.833828,0.000332,0.000442,1.137039,0.041486,398596,3.796189,398596
282810,SELECT `status` FROM `ride_statuses` WHERE `ride_id` = 'S' ORDER BY `created_at` DESC LIMIT N,27.438061,0.000097,0.000316,0.109695,0.101246,282810,1.000000,282810
33276,"SELECT COUNT(N),CAST(COALESCE(SUM(`r`.`evaluation`), N) AS SIGNED) FROM `rides` AS `r` WHERE `r`.`chair_id` = 'S' AND EXISTS (SELECT N FROM `ride_statuses` AS `s` WHERE `s`.`ride_id` = `r`.`id` AND `s`.`status` = 'S') AND EXISTS (SELECT N FROM `ride_statuses` AS `s` WHERE `s`.`ride_id` = `r`.`id` AND `s`.`status` = 'S') AND EXISTS (SELECT N FROM `ride_statuses` AS `s` WHERE `s`.`ride_id` = `r`.`id` AND `s`.`status` = 'S')",24.729478,0.000743,0.002779,1.136162,0.047412,1584810,47.626217,33276
73043,SELECT * FROM `rides` WHERE `chair_id` = 'S' ORDER BY `updated_at` DESC LIMIT N,11.564388,0.000158,0.000396,1.134891,0.037954,70909,0.970784,70909
4722,UPDATE `ride_statuses` SET `chair_sent_at`=CURRENT_TIMESTAMP(N) WHERE `id` = 'S',7.275835,0.001541,0.002508,1.207354,5.442009,4722,1.000000,0
4743,UPDATE `ride_statuses` SET `app_sent_at`=CURRENT_TIMESTAMP(N) WHERE `id` = 'S',6.467958,0.001364,0.002431,1.218303,5.040862,4743,1.000000,0
50818,SELECT * FROM `ride_statuses` WHERE `ride_id` = 'S' AND `app_sent_at` IS NULL ORDER BY `created_at` LIMIT N,5.985200,0.000118,0.000376,0.108859,0.018615,118357,2.329037,4743
179,"INSERT INTO `chairs` (`id`,`owner_id`,`name`,`model`,`is_active`,`access_token`) VALUES ('S','S','S','S',N,'S')",5.962369,0.033309,0.046714,0.913064,0.561225,0,0.000000,0
25987,SELECT * FROM `chair_locations` WHERE `chair_id` = 'S' ORDER BY `created_at` DESC LIMIT N,5.865197,0.000226,0.001014,0.011288,0.017581,25247,0.971524,25247
39724,SELECT * FROM `ride_statuses` WHERE `ride_id` = 'S' AND `chair_sent_at` IS NULL ORDER BY `created_at` LIMIT N,5.807194,0.000146,0.000437,0.110033,0.017694,135881,3.420627,4722
21627,"INSERT INTO `chair_locations` (`id`,`chair_id`,`latitude`,`longitude`) VALUES ('S','S',N,N)",5.581092,0.000258,0.000576,0.837769,0.015747,0,0.000000,0
74996,SELECT * FROM `chairs` WHERE `access_token` = 'S',5.256724,0.000070,0.000253,0.008967,0.041643,74996,1.000000,74996
50818,SELECT * FROM `rides` WHERE `user_id` = 'S' ORDER BY `created_at` DESC LIMIT N,4.905024,0.000097,0.000320,0.067039,0.027327,50818,1.000000,50818
712,SELECT * FROM `rides` WHERE `user_id` = 'S' ORDER BY `created_at`,4.757876,0.006682,0.000601,1.065748,0.000298,2272,3.191011,2272
54679,SELECT * FROM `coupons` WHERE `used_by` = 'S',3.543483,0.000065,0.000232,0.012843,0.030751,42186,0.771521,42186
55765,SELECT * FROM `users` WHERE `access_token` = 'S',3.164822,0.000057,0.000183,0.009521,0.033263,55765,1.000000,55765
729,UPDATE `rides` SET `evaluation`=N WHERE `id` = 'S',3.099970,0.004252,0.002429,1.137251,0.000228,729,1.000000,0
255,"INSERT INTO `payment_tokens` (`user_id`,`token`) VALUES ('S','S')",2.756563,0.010810,0.010162,0.916065,0.000134,0,0.000000,0
31363,SELECT * FROM `chair_locations` WHERE `id` = 'S',2.299911,0.000073,0.000180,0.031027,0.010574,31363,1.000000,31363
130598,START TRANSACTION,2.286234,0.000018,0.000040,0.005944,0.000000,0,0.000000,0
39723,SELECT * FROM `users` WHERE `id` = 'S' for share,2.178393,0.000055,0.000172,0.016344,0.160522,39723,1.000000,39723
179,UPDATE `chairs` SET `is_active`=N WHERE `id` = 'S',1.990419,0.011120,0.024712,0.864791,0.266502,179,1.000000,0
35559,SELECT * FROM `chairs` WHERE `id` = 'S',1.805238,0.000051,0.000167,0.011372,0.023594,35559,1.000000,35559
3324,"INSERT INTO `chair_locations` (`id`,`chair_id`,`latitude`,`longitude`) VALUES ('S','S',-N,-N)",1.643205,0.000494,0.000572,0.836037,0.003501,0,0.000000,0
2981,"INSERT INTO `chair_locations` (`id`,`chair_id`,`latitude`,`longitude`) VALUES ('S','S',-N,N)",1.371558,0.000460,0.000545,0.836538,0.001386,0,0.000000,0
4761,"INSERT INTO `ride_statuses` (`id`,`ride_id`,`status`) VALUES ('S','S','S')",1.257621,0.000264,0.001293,0.059945,0.001525,0,0.000000,0
1096,SELECT * FROM `chairs`,0.980688,0.000895,0.003168,0.011159,0.000522,655881,598.431569,655881
38,"INSERT INTO `rides` (`id`,`user_id`,`pickup_latitude`,`pickup_longitude`,`destination_latitude`,`destination_longitude`) VALUES ('S','S',N,-N,-N,-N)",0.967620,0.025464,0.066898,0.894996,0.894855,0,0.000000,0
2793,"SELECT `rides`.* FROM `rides` JOIN `ride_statuses` ON `rides`.`id` = `ride_statuses`.`ride_id` WHERE `chair_id` = 'S' AND `status` = 'S' AND `updated_at` BETWEEN 'S' AND DATE_ADD('S', INTERVAL N MICROSECOND)",0.755039,0.000270,0.001145,0.004484,0.002233,68201,24.418546,8554
3431,"INSERT INTO `chair_locations` (`id`,`chair_id`,`latitude`,`longitude`) VALUES ('S','S',N,-N)",0.627766,0.000183,0.000544,0.038457,0.001532,0,0.000000,0
253,"INSERT INTO `users` (`id`,`username`,`firstname`,`lastname`,`date_of_birth`,`access_token`,`invitation_code`) VALUES ('S','S','S','S','S','S','S')",0.505277,0.001997,0.002722,0.108571,0.000095,0,0.000000,0
851,UPDATE `rides` SET `chair_id`='S' WHERE `id` = 'S' AND `chair_id` IS NULL,0.398881,0.000469,0.001487,0.071264,0.000249,851,1.000000,0
5,"SELECT `c`.`id`,`l`.`latitude`,`l`.`longitude`,`m`.`speed` FROM (`chairs` AS `c` JOIN `chair_models` AS `m` ON `m`.`name` = `c`.`model`) JOIN `chair_locations` AS `l` ON `l`.`id` = (SELECT `id` FROM `chair_locations` WHERE `chair_id` = `c`.`id` ORDER BY `created_at` DESC,`id` DESC LIMIT N) WHERE `m`.`speed` > N AND `c`.`id` IN ('S','S','S','S','S','S','S','S','S','S','S','S','S','S','S','S','S','S','S','S','S','S','S','S','S','S','S','S','S','S','S','S','S','S','S','S','S','S','S','S','S','S','S','S','S','S','S','S','S','S','S','S','S','S','S','S','S','S','S','S','S','S','S','S','S','S','S','S','S','S','S','S','S','S','S','S','S','S','S','S','S','S','S','S','S','S','S','S','S','S','S','S','S','S','S','S','S','S','S','S','S','S','S','S','S','S','S','S','S','S','S','S','S','S','S','S','S','S','S','S','S','S','S','S','S','S','S','S','S','S','S','S','S','S','S','S','S','S','S','S','S','S','S','S','S','S','S','S','S','S','S','S','S','S','S','S','S','S','S','S','S','S','S','S','S','S','S','S') AND NOT EXISTS (SELECT N FROM `rides` AS `r` WHERE `r`.`chair_id` = `c`.`id` AND (SELECT COUNT(`chair_sent_at`) FROM `ride_statuses` WHERE `ride_id` = `r`.`id`) != N)",0.308077,0.061615,0.099197,0.099197,0.000007,163826,32765.200000,270
367,"INSERT INTO `rides` (`id`,`user_id`,`pickup_latitude`,`pickup_longitude`,`destination_latitude`,`destination_longitude`) VALUES ('S','S',N,N,N,N)",0.279262,0.000761,0.001062,0.049408,0.193320,0,0.000000,0
3,"SELECT `c`.`id`,`l`.`latitude`,`l`.`longitude`,`m`.`speed` FROM (`chairs` AS `c` JOIN `chair_models` AS `m` ON `m`.`name` = `c`.`model`) JOIN `chair_locations` AS `l` ON `l`.`id` = (SELECT `id` FROM `chair_locations` WHERE `chair_id` = `c`.`id` ORDER BY `created_at` DESC,`id` DESC LIMIT N) WHERE `m`.`speed` > N AND `c`.`id` IN ('S','S','S','S','S','S','S','S','S','S','S','S','S','S','S','S','S','S','S','S','S','S','S','S','S','S','S','S','S','S','S','S','S','S','S','S','S','S','S','S','S','S','S','S','S','S','S','S','S','S','S','S','S','S','S','S','S','S','S','S','S','S','S','S','S','S','S','S','S','S','S','S','S','S','S','S','S','S','S','S','S','S','S','S','S','S','S','S','S','S','S','S','S','S','S','S','S','S','S','S','S','S','S','S','S','S','S','S','S','S','S','S','S','S','S','S','S','S','S','S','S','S','S','S','S','S','S','S','S','S','S','S') AND NOT EXISTS (SELECT N FROM `rides` AS `r` WHERE `r`.`chair_id` = `c`.`id` AND (SELECT COUNT(`chair_sent_at`) FROM `ride_statuses` WHERE `ride_id` = `r`.`id`) != N)",0.233947,0.077982,0.098076,0.098076,0.000362,64179,21393.000000,129
2,"SELECT `c`.`id`,`l`.`latitude`,`l`.`longitude`,`m`.`speed` FROM (`chairs` AS `c` JOIN `chair_models` AS `m` ON `m`.`name` = `c`.`model`) JOIN `chair_locations` AS `l` ON `l`.`id` = (SELECT `id` FROM `chair_locations` WHERE `chair_id` = `c`.`id` ORDER BY `created_at` DESC,`id` DESC LIMIT N) WHERE `m`.`speed` > N AND `c`.`id` IN ('S','S','S','S','S','S','S','S','S','S','S','S','S','S','S','S','S','S','S','S','S','S','S','S','S','S','S','S','S','S','S','S','S','S','S','S','S','S','S','S','S','S','S','S','S','S','S','S','S','S','S','S','S','S','S','S','S','S','S','S','S','S','S','S','S','S','S','S','S','S','S','S','S','S','S','S','S','S','S','S','S','S','S','S','S','S','S','S','S','S','S','S','S','S','S','S','S','S','S','S','S','S','S','S','S','S','S','S','S','S','S','S','S','S','S','S','S','S','S','S','S','S','S','S','S','S','S','S','S','S','S','S','S','S','S','S','S','S','S','S','S','S','S','S','S','S','S','S','S','S','S','S','S','S','S','S','S','S','S','S','S','S','S','S','S','S','S','S','S','S','S','S','S','S','S','S','S','S','S','S','S') AND NOT EXISTS (SELECT N FROM `rides` AS `r` WHERE `r`.`chair_id` = `c`.`id` AND (SELECT COUNT(`chair_sent_at`) FROM `ride_statuses` WHERE `ride_id` = `r`.`id`) != N)",0.214393,0.107197,0.117302,0.117302,0.000002,66723,33361.500000,131
2,"SELECT `c`.`id`,`l`.`latitude`,`l`.`longitude`,`m`.`speed` FROM (`chairs` AS `c` JOIN `chair_models` AS `m` ON `m`.`name` = `c`.`model`) JOIN `chair_locations` AS `l` ON `l`.`id` = (SELECT `id` FROM `chair_locations` WHERE `chair_id` = `c`.`id` ORDER BY `created_at` DESC,`id` DESC LIMIT N) WHERE `m`.`speed` > N AND `c`.`id` IN ('S','S','S','S','S','S','S','S','S','S','S','S','S','S','S','S','S','S','S','S','S','S','S','S','S','S','S','S','S','S','S','S','S','S','S','S','S','S','S','S','S','S','S','S','S','S','S','S','S','S','S','S','S','S','S','S','S','S','S','S','S','S','S','S','S','S','S','S','S','S','S','S','S','S','S','S','S','S','S','S','S','S','S','S','S','S','S','S','S','S','S','S','S','S','S','S','S','S','S','S','S','S','S','S','S','S','S','S','S','S','S','S','S','S','S','S','S','S','S','S','S','S','S','S','S','S','S','S','S','S','S','S','S','S','S','S','S','S','S','S','S','S','S','S','S','S','S','S','S','S','S','S','S','S','S','S','S','S','S','S','S','S','S','S','S','S','S','S','S','S','S','S','S','S','S','S','S','S','S','S','S','S','S','S','S','S','S','S') AND NOT EXISTS (SELECT N FROM `rides` AS `r` WHERE `r`.`chair_id` = `c`.`id` AND (SELECT COUNT(`chair_sent_at`) FROM `ride_statuses` WHERE `ride_id` = `r`.`id`) != N)",0.213270,0.106635,0.171655,0.171655,0.000002,72555,36277.500000,135
465,UPDATE `coupons` SET `used_by`='S' WHERE `user_id` = 'S' AND `code` = 'S',0.183430,0.000394,0.001788,0.005341,0.000157,465,1.000000,0
3,"SELECT `c`.`id`,`l`.`latitude`,`l`.`longitude`,`m`.`speed` FROM (`chairs` AS `c` JOIN `chair_models` AS `m` ON `m`.`name` = `c`.`model`) JOIN `chair_locations` AS `l` ON `l`.`id` = (SELECT `id` FROM `chair_locations` WHERE `chair_id` = `c`.`id` ORDER BY `created_at` DESC,`id` DESC LIMIT N) WHERE `m`.`speed` > N AND `c`.`id` IN ('S','S','S','S','S','S','S','S','S','S','S','S','S','S','S','S','S','S','S','S','S','S','S','S','S','S','S','S','S','S','S','S','S','S','S','S','S','S','S','S','S','S','S','S','S','S','S','S','S','S','S','S','S','S','S','S','S','S','S','S','S','S','S','S','S','S','S','S','S','S','S','S','S','S','S','S','S','S','S','S','S','S','S','S','S','S','S','S','S','S','S','S','S','S','S','S','S','S','S','S','S','S','S','S','S','S','S','S','S','S','S','S','S','S','S','S','S','S','S','S','S','S','S','S','S','S','S','S','S','S','S','S','S','S','S','S','S','S','S','S','S','S','S','S','S','S','S','S','S','S','S','S','S','S','S','S','S','S','S','S','S') AND NOT EXISTS (SELECT N FROM `rides` AS `r` WHERE `r`.`chair_id` = `c`.`id` AND (SELECT COUNT(`chair_sent_at`) FROM `ride_statuses` WHERE `ride_id` = `r`.`id`) != N)",0.157126,0.052375,0.068167,0.068167,0.000002,88403,29467.666667,178
2,"SELECT `c`.`id`,`l`.`latitude`,`l`.`longitude`,`m`.`speed` FROM (`chairs` AS `c` JOIN `chair_models` AS `m` ON `m`.`name` = `c`.`model`) JOIN `chair_locations` AS `l` ON `l`.`id` = (SELECT `id` FROM `chair_locations` WHERE `chair_id` = `c`.`id` ORDER BY `created_at` DESC,`id` DESC LIMIT N) WHERE `m`.`speed` > N AND `c`.`id` IN ('S','S','S','S','S','S','S','S','S','S','S','S','S','S','S','S','S','S','S','S','S','S','S','S','S','S','S','S','S','S','S','S','S','S','S','S','S','S','S','S','S','S','S','S','S','S','S','S','S','S','S','S','S','S','S','S','S','S','S','S','S','S','S','S','S','S','S','S','S','S','S','S','S','S','S','S','S','S','S','S','S','S','S','S','S','S','S','S','S','S','S','S','S','S','S','S','S','S','S','S','S','S','S','S','S','S','S','S','S','S','S','S','S','S','S','S','S','S','S','S','S','S','S','S','S','S','S','S','S','S','S','S','S','S','S','S','S','S','S','S','S','S','S','S','S','S','S','S','S','S','S','S','S','S','S','S','S','S','S','S','S','S','S','S','S','S','S','S','S','S','S','S','S','S','S','S','S','S','S','S','S','S','S','S','S','S','S','S','S','S','S','S','S') AND NOT EXISTS (SELECT N FROM `rides` AS `r` WHERE `r`.`chair_id` = `c`.`id` AND (SELECT COUNT(`chair_sent_at`) FROM `ride_statuses` WHERE `ride_id` = `r`.`id`) != N)",0.156449,0.078225,0.131738,0.131738,0.000002,85929,42964.500000,152
511,"INSERT INTO `coupons` (`user_id`,`code`,`discount`) VALUES ('S','S',N)",0.146269,0.000286,0.000997,0.021279,0.000155,0,0.000000,0
3,"SELECT `c`.`id`,`l`.`latitude`,`l`.`longitude`,`m`.`speed` FROM (`chairs` AS `c` JOIN `chair_models` AS `m` ON `m`.`name` = `c`.`model`) JOIN `chair_locations` AS `l` ON `l`.`id` = (SELECT `id` FROM `chair_locations` WHERE `chair_id` = `c`.`id` ORDER BY `created_at` DESC,`id` DESC LIMIT N) WHERE `m`.`speed` > N AND `c`.`id` IN ('S','S','S','S','S','S','S','S','S','S','S','S','S','S','S','S','S','S','S','S','S','S','S','S','S','S','S','S','S','S','S','S','S','S','S','S','S','S','S','S','S','S','S','S','S','S','S','S','S','S','S','S','S','S','S','S','S','S','S','S','S','S','S','S','S','S','S','S','S','S','S','S','S','S','S','S','S','S','S','S','S','S','S','S','S','S','S','S','S','S','S','S','S','S','S','S','S','S','S','S','S','S','S','S','S','S','S','S','S','S','S','S','S','S','S','S','S','S','S','S','S') AND NOT EXISTS (SELECT N FROM `rides` AS `r` WHERE `r`.`chair_id` = `c`.`id` AND (SELECT COUNT(`chair_sent_at`) FROM `ride_statuses` WHERE `ride_id` = `r`.`id`) != N)",0.140406,0.046802,0.066017,0.066017,0.000003,54340,18113.333333,77
598,SELECT * FROM `coupons` WHERE `user_id` = 'S' AND `used_by` IS NULL ORDER BY `created_at` LIMIT N for update,0.125673,0.000210,0.000964,0.004572,0.000196,388,0.648829,214
1635,SELECT * FROM `rides` WHERE `id` = 'S' for update,0.124573,0.000076,0.000227,0.010317,0.001137,1635,1.000000,1635
2307,SELECT * FROM `rides` WHERE `id` = 'S',0.121335,0.000053,0.000173,0.006175,0.001116,2307,1.000000,2307
1098,SELECT * FROM `rides` WHERE `user_id` = 'S' ORDER BY `created_at` DESC,0.118816,0.000108,0.000399,0.006812,0.000374,2283,2.079235,2283
2283,SELECT * FROM `owners` WHERE `id` = 'S',0.113096,0.000050,0.000166,0.004780,0.000901,2283,1.000000,2283
2,"SELECT `c`.`id`,`l`.`latitude`,`l`.`longitude`,`m`.`speed` FROM (`chairs` AS `c` JOIN `chair_models` AS `m` ON `m`.`name` = `c`.`model`) JOIN `chair_locations` AS `l` ON `l`.`id` = (SELECT `id` FROM `chair_locations` WHERE `chair_id` = `c`.`id` ORDER BY `created_at` DESC,`id` DESC LIMIT N) WHERE `m`.`speed` > N AND `c`.`id` IN ('S','S','S','S','S','S','S','S','S','S','S','S','S','S','S','S','S','S','S','S','S','S','S','S','S','S','S','S','S','S','S','S','S','S','S','S','S','S','S','S','S','S','S','S','S','S','S','S','S','S','S','S','S','S','S','S','S','S','S','S','S','S','S','S','S','S','S','S','S','S','S','S','S','S','S','S','S','S','S','S','S','S','S','S','S','S','S','S','S','S','S','S','S','S','S','S','S','S','S','S','S','S','S','S','S','S','S','S','S','S','S','S','S','S','S','S','S','S','S','S','S','S','S','S','S','S','S','S','S','S','S','S','S','S','S','S','S','S','S','S') AND NOT EXISTS (SELECT N FROM `rides` AS `r` WHERE `r`.`chair_id` = `c`.`id` AND (SELECT COUNT(`chair_sent_at`) FROM `ride_statuses` WHERE `ride_id` = `r`.`id`) != N)",0.109141,0.054571,0.092832,0.092832,0.000002,44656,22328.000000,78
3170,ROLLBACK,0.107064,0.000034,0.000094,0.006068,0.000000,0,0.000000,0
598,SELECT * FROM `coupons` WHERE `user_id` = 'S' AND `used_by` IS NULL ORDER BY `created_at` LIMIT N,0.106594,0.000178,0.000772,0.005681,0.000237,388,0.648829,214
86,SELECT `id` FROM `chairs` WHERE `is_active` = N ORDER BY `id` for update skip locked,0.103630,0.001205,0.005179,0.009200,0.000030,8398,97.651163,8398
36,"INSERT INTO `rides` (`id`,`user_id`,`pickup_latitude`,`pickup_longitude`,`destination_latitude`,`destination_longitude`) VALUES ('S','S',-N,N,-N,-N)",0.095759,0.002660,0.022953,0.069877,0.092725,0,0.000000,0
36,"INSERT INTO `rides` (`id`,`user_id`,`pickup_latitude`,`pickup_longitude`,`destination_latitude`,`destination_longitude`) VALUES ('S','S',-N,-N,N,-N)",0.094806,0.002633,0.025450,0.064154,0.025406,0,0.000000,0
849,SELECT COUNT(N) FROM `rides` WHERE `user_id` = 'S',0.094031,0.000111,0.000360,0.007760,0.000393,2789,3.285041,849
3,"SELECT `c`.`id`,`l`.`latitude`,`l`.`longitude`,`m`.`speed` FROM (`chairs` AS `c` JOIN `chair_models` AS `m` ON `m`.`name` = `c`.`model`) JOIN `chair_locations` AS `l` ON `l`.`id` = (SELECT `id` FROM `chair_locations` WHERE `chair_id` = `c`.`id` ORDER BY `created_at` DESC,`id` DESC LIMIT N) WHERE `m`.`speed` > N AND `c`.`id` IN ('S','S','S','S','S','S','S','S','S','S','S','S','S','S','S','S','S','S','S','S','S','S','S','S','S','S','S','S','S','S','S','S','S','S','S','S','S','S','S','S','S','S','S','S','S','S','S','S','S','S','S','S','S','S','S','S','S','S','S','S','S','S','S','S','S','S','S','S','S','S','S','S','S','S','S','S','S','S','S','S','S','S','S','S','S','S','S','S','S','S','S','S','S','S','S','S','S','S','S','S','S','S','S','S','S','S','S','S','S','S','S','S','S','S','S','S','S','S','S','S','S','S','S','S','S','S','S','S','S','S','S','S','S','S','S','S','S','S','S','S','S','S','S','S','S','S','S','S','S','S','S','S') AND NOT EXISTS (SELECT N FROM `rides` AS `r` WHERE `r`.`chair_id` = `c`.`id` AND (SELECT COUNT(`chair_sent_at`) FROM `ride_statuses` WHERE `ride_id` = `r`.`id`) != N)",0.086846,0.028949,0.038120,0.038120,0.000002,60936,20312.000000,131
34,"INSERT INTO `rides` (`id`,`user_id`,`pickup_latitude`,`pickup_longitude`,`destination_latitude`,`destination_longitude`) VALUES ('S','S',N,N,-N,N)",0.074304,0.002185,0.029245,0.041199,0.070241,0,0.000000,0
2,"SELECT `c`.`id`,`l`.`latitude`,`l`.`longitude`,`m`.`speed` FROM (`chairs` AS `c` JOIN `chair_models` AS `m` ON `m`.`name` = `c`.`model`) JOIN `chair_locations` AS `l` ON `l`.`id` = (SELECT `id` FROM `chair_locations` WHERE `chair_id` = `c`.`id` ORDER BY `created_at` DESC,`id` DESC LIMIT N) WHERE `m`.`speed` > N AND `c`.`id` IN ('S','S','S','S','S','S','S','S','S','S','S','S','S','S','S','S','S','S','S','S','S','S','S','S','S','S','S','S','S','S','S','S','S','S','S','S','S','S','S','S','S','S','S','S','S','S','S','S','S','S','S','S','S','S','S','S','S','S','S','S','S','S','S','S','S','S','S','S','S','S','S','S','S','S','S','S','S','S','S','S','S','S','S','S','S','S','S','S','S','S','S','S','S','S','S','S','S','S','S','S','S','S','S','S','S','S','S','S','S','S','S','S','S','S','S','S','S','S','S','S','S','S','S','S','S','S','S','S','S','S','S','S','S','S','S','S','S','S','S','S','S','S','S','S','S','S','S') AND NOT EXISTS (SELECT N FROM `rides` AS `r` WHERE `r`.`chair_id` = `c`.`id` AND (SELECT COUNT(`chair_sent_at`) FROM `ride_statuses` WHERE `ride_id` = `r`.`id`) != N)",0.073822,0.036911,0.051802,0.051802,0.000002,43240,21620.000000,88
849,SELECT * FROM `rides` WHERE `user_id` = 'S',0.071081,0.000084,0.000300,0.004509,0.000336,1940,2.285041,1940
35,"INSERT INTO `rides` (`id`,`user_id`,`pickup_latitude`,`pickup_longitude`,`destination_latitude`,`destination_longitude`) VALUES ('S','S',N,-N,N,N)",0.071075,0.002031,0.002055,0.066266,0.000013,0,0.000000,0
3,"SELECT `c`.`id`,`l`.`latitude`,`l`.`longitude`,`m`.`speed` FROM (`chairs` AS `c` JOIN `chair_models` AS `m` ON `m`.`name` = `c`.`model`) JOIN `chair_locations` AS `l` ON `l`.`id` = (SELECT `id` FROM `chair_locations` WHERE `chair_id` = `c`.`id` ORDER BY `created_at` DESC,`id` DESC LIMIT N) WHERE `m`.`speed` > N AND `c`.`id` IN ('S','S','S','S','S','S','S','S','S','S','S','S','S','S','S','S','S','S','S','S','S','S','S','S','S','S','S','S','S','S','S','S','S','S','S','S','S','S','S','S','S','S','S','S','S','S','S','S','S','S','S','S','S','S','S','S','S','S','S','S','S','S','S','S','S','S','S','S') AND NOT EXISTS (SELECT N FROM `rides` AS `r` WHERE `r`.`chair_id` = `c`.`id` AND (SELECT COUNT(`chair_sent_at`) FROM `ride_statuses` WHERE `ride_id` = `r`.`id`) != N)",0.066746,0.022249,0.044940,0.044940,0.000004,12628,4209.333333,21
1,"SELECT `c`.`id`,`l`.`latitude`,`l`.`longitude`,`m`.`speed` FROM (`chairs` AS `c` JOIN `chair_models` AS `m` ON `m`.`name` = `c`.`model`) JOIN `chair_locations` AS `l` ON `l`.`id` = (SELECT `id` FROM `chair_locations` WHERE `chair_id` = `c`.`id` ORDER BY `created_at` DESC,`id` DESC LIMIT N) WHERE `m`.`speed` > N AND `c`.`id` IN ('S','S','S','S','S','S','S','S','S','S','S','S','S','S','S','S','S','S','S','S','S','S','S','S','S','S','S','S','S','S','S','S','S','S','S','S','S','S','S','S','S','S','S','S','S','S','S','S','S','S','S','S','S','S','S','S','S','S','S','S','S','S','S','S','S','S','S','S','S','S','S','S','S','S','S','S','S','S','S','S','S','S','S','S','S','S','S','S','S','S','S','S','S','S','S','S','S','S','S','S','S','S','S','S','S','S','S','S','S','S','S','S','S','S','S','S','S','S','S','S','S','S','S','S','S','S','S','S','S','S','S','S','S','S','S','S','S','S','S','S','S','S','S','S','S','S','S','S','S','S','S','S','S','S','S','S','S','S','S','S','S','S','S','S','S','S','S','S','S','S','S','S','S') AND NOT EXISTS (SELECT N FROM `rides` AS `r` WHERE `r`.`chair_id` = `c`.`id` AND (SELECT COUNT(`chair_sent_at`) FROM `ride_statuses` WHERE `ride_id` = `r`.`id`) != N)",0.064394,0.064394,0.064394,0.064394,0.000001,37261,37261.000000,59
140,SELECT * FROM `chairs` WHERE `owner_id` = 'S',0.061059,0.000436,0.001755,0.002636,0.000046,83965,599.750000,2793
849,SELECT * FROM `coupons` WHERE `user_id` = 'S' AND `code` = 'S' AND `used_by` IS NULL,0.060637,0.000071,0.000254,0.006922,0.000855,251,0.295642,251
129,SELECT * FROM `users` WHERE `invitation_code` = 'S' for update,0.054254,0.000421,0.003468,0.009755,0.046418,129,1.000000,129
3,"SELECT `c`.`id`,`l`.`latitude`,`l`.`longitude`,`m`.`speed` FROM (`chairs` AS `c` JOIN `chair_models` AS `m` ON `m`.`name` = `c`.`model`) JOIN `chair_locations` AS `l` ON `l`.`id` = (SELECT `id` FROM `chair_locations` WHERE `chair_id` = `c`.`id` ORDER BY `created_at` DESC,`id` DESC LIMIT N) WHERE `m`.`speed` > N AND `c`.`id` IN ('S','S','S','S','S','S','S','S','S','S','S','S','S','S','S','S','S','S','S','S','S','S','S','S','S','S','S','S','S','S','S','S','S','S','S','S','S','S','S','S','S','S','S','S','S','S','S','S','S','S','S','S','S','S','S','S','S','S','S','S','S','S','S','S','S','S','S','S','S','S','S','S','S','S') AND NOT EXISTS (SELECT N FROM `rides` AS `r` WHERE `r`.`chair_id` = `c`.`id` AND (SELECT COUNT(`chair_sent_at`) FROM `ride_statuses` WHERE `ride_id` = `r`.`id`) != N)",0.051538,0.017179,0.019825,0.019825,0.000003,18158,6052.666667,33
1,"SELECT `c`.`id`,`l`.`latitude`,`l`.`longitude`,`m`.`speed` FROM (`chairs` AS `c` JOIN `chair_models` AS `m` ON `m`.`name` = `c`.`model`) JOIN `chair_locations` AS `l` ON `l`.`id` = (SELECT `id` FROM `chair_locations` WHERE `chair_id` = `c`.`id` ORDER BY `created_at` DESC,`id` DESC LIMIT N) WHERE `m`.`speed` > N AND `c`.`id` IN ('S','S','S','S','S','S','S','S','S','S','S','S','S','S','S','S','S','S','S','S','S','S','S','S','S','S','S','S','S','S','S','S','S','S','S','S','S','S','S','S','S','S','S','S','S','S','S','S','S','S','S','S','S','S','S','S','S','S','S','S','S','S','S','S','S','S','S','S','S','S','S','S','S','S','S','S','S','S','S','S','S','S','S','S','S','S','S','S','S','S','S','S','S','S','S','S','S','S','S','S','S','S','S','S','S','S','S','S','S','S','S','S','S','S','S','S','S','S','S','S','S','S','S','S','S','S','S','S','S','S','S','S','S','S','S','S','S','S','S','S','S','S','S','S','S','S','S','S','S','S','S','S','S','S','S','S','S','S','S','S','S','S','S','S','S','S','S','S','S','S','S','S','S','S','S','S','S','S','S','S','S','S','S','S','S','S','S','S','S','S','S','S','S','S','S','S','S','S','S') AND NOT EXISTS (SELECT N FROM `rides` AS `r` WHERE `r`.`chair_id` = `c`.`id` AND (SELECT COUNT(`chair_sent_at`) FROM `ride_statuses` WHERE `ride_id` = `r`.`id`) != N)",0.050208,0.050208,0.050208,0.050208,0.000001,42783,42783.000000,77
24,"INSERT INTO `rides` (`id`,`user_id`,`pickup_latitude`,`pickup_longitude`,`destination_latitude`,`destination_longitude`) VALUES ('S','S',N,-N,-N,N)",0.049506,0.002063,0.002811,0.043727,0.043657,0,0.000000,0
3,"SELECT `c`.`id`,`l`.`latitude`,`l`.`longitude`,`m`.`speed` FROM (`chairs` AS `c` JOIN `chair_models` AS `m` ON `m`.`name` = `c`.`model`) JOIN `chair_locations` AS `l` ON `l`.`id` = (SELECT `id` FROM `chair_locations` WHERE `chair_id` = `c`.`id` ORDER BY `created_at` DESC,`id` DESC LIMIT N) WHERE `m`.`speed` > N AND `c`.`id` IN ('S','S','S','S','S','S','S','S','S','S','S','S','S','S','S','S','S','S','S','S','S','S','S','S','S','S','S','S','S','S') AND NOT EXISTS (SELECT N FROM `rides` AS `r` WHERE `r`.`chair_id` = `c`.`id` AND (SELECT COUNT(`chair_sent_at`) FROM `ride_statuses` WHERE `ride_id` = `r`.`id`) != N)",0.047376,0.015792,0.039715,0.039715,0.000003,5891,1963.666667,21
4,"SELECT `c`.`id`,`l`.`latitude`,`l`.`longitude`,`m`.`speed` FROM (`chairs` AS `c` JOIN `chair_models` AS `m` ON `m`.`name` = `c`.`model`) JOIN `chair_locations` AS `l` ON `l`.`id` = (SELECT `id` FROM `chair_locations` WHERE `chair_id` = `c`.`id` ORDER BY `created_at` DESC,`id` DESC LIMIT N) WHERE `m`.`speed` > N AND `c`.`id` IN ('S','S','S','S','S','S','S','S','S','S','S','S','S','S','S','S','S','S','S','S','S','S','S','S','S','S','S','S','S','S','S','S','S','S','S','S','S','S','S','S','S','S','S','S','S','S','S','S','S','S','S','S','S','S','S','S','S','S','S') AND NOT EXISTS (SELECT N FROM `rides` AS `r` WHERE `r`.`chair_id` = `c`.`id` AND (SELECT COUNT(`chair_sent_at`) FROM `ride_statuses` WHERE `ride_id` = `r`.`id`) != N)",0.046988,0.011747,0.025028,0.025028,0.000013,20518,5129.500000,29
3,"SELECT `c`.`id`,`l`.`latitude`,`l`.`longitude`,`m`.`speed` FROM (`chairs` AS `c` JOIN `chair_models` AS `m` ON `m`.`name` = `c`.`model`) JOIN `chair_locations` AS `l` ON `l`.`id` = (SELECT `id` FROM `chair_locations` WHERE `chair_id` = `c`.`id` ORDER BY `created_at` DESC,`id` DESC LIMIT N) WHERE `m`.`speed` > N AND `c`.`id` IN ('S','S','S','S','S','S','S','S','S','S','S','S','S','S','S','S','S','S','S','S','S','S','S','S','S','S','S','S','S','S','S','S','S','S','S','S','S','S','S','S','S','S','S','S','S','S','S','S','S','S','S','S','S','S','S','S','S','S','S','S','S','S','S','S','S','S','S','S','S','S','S','S','S','S','S','S','S','S','S','S','S','S','S','S','S','S','S','S','S','S','S','S','S','S','S','S','S','S','S','S','S','S','S','S','S','S','S','S') AND NOT EXISTS (SELECT N FROM `rides` AS `r` WHERE `r`.`chair_id` = `c`.`id` AND (SELECT COUNT(`chair_sent_at`) FROM `ride_statuses` WHERE `ride_id` = `r`.`id`) != N)",0.046268,0.015423,0.020811,0.020811,0.000012,38482,12827.333333,71
40,"INSERT INTO `rides` (`id`,`user_id`,`pickup_latitude`,`pickup_longitude`,`destination_latitude`,`destination_longitude`) VALUES ('S','S',N,N,N,-N)",0.045044,0.001126,0.004045,0.022050,0.033123,0,0.000000,0
46,"INSERT INTO `rides` (`id`,`user_id`,`pickup_latitude`,`pickup_longitude`,`destination_latitude`,`destination_longitude`) VALUES ('S','S',N,-N,N,-N)",0.045037,0.000979,0.008128,0.016535,0.028695,0,0.000000,0
3,"SELECT `c`.`id`,`l`.`latitude`,`l`.`longitude`,`m`.`speed` FROM (`chairs` AS `c` JOIN `chair_models` AS `m` ON `m`.`name` = `c`.`model`) JOIN `chair_locations` AS `l` ON `l`.`id` = (SELECT `id` FROM `chair_locations` WHERE `chair_id` = `c`.`id` ORDER BY `created_at` DESC,`id` DESC LIMIT N) WHERE `m`.`speed` > N AND `c`.`id` IN ('S','S','S','S','S','S','S','S','S','S','S','S','S','S','S','S','S','S','S','S','S','S','S','S','S','S','S','S','S','S','S','S','S','S','S','S','S','S','S','S','S','S','S','S','S','S','S','S','S','S','S','S','S','S','S','S','S','S','S','S','S','S','S','S','S','S','S','S','S','S','S','S','S','S','S','S','S','S','S','S','S','S') AND NOT EXISTS (SELECT N FROM `rides` AS `r` WHERE `r`.`chair_id` = `c`.`id` AND (SELECT COUNT(`chair_sent_at`) FROM `ride_statuses` WHERE `ride_id` = `r`.`id`) != N)",0.041970,0.013990,0.021018,0.021018,0.000003,20206,6735.333333,29
3,"SELECT `c`.`id`,`l`.`latitude`,`l`.`longitude`,`m`.`speed` FROM (`chairs` AS `c` JOIN `chair_models` AS `m` ON `m`.`name` = `c`.`model`) JOIN `chair_locations` AS `l` ON `l`.`id` = (SELECT `id` FROM `chair_locations` WHERE `chair_id` = `c`.`id` ORDER BY `created_at` DESC,`id` DESC LIMIT N) WHERE `m`.`speed` > N AND `c`.`id` IN ('S','S','S','S','S','S','S','S','S','S','S','S','S','S','S','S','S','S','S','S','S','S','S','S','S','S','S','S','S','S','S','S','S','S','S','S','S','S','S','S','S','S','S','S','S','S','S','S','S','S','S','S','S','S','S','S','S','S','S','S','S','S','S','S','S','S','S','S','S','S','S','S','S','S','S','S','S','S','S','S','S','S','S','S','S','S','S','S','S','S','S','S','S','S','S','S','S','S','S','S') AND NOT EXISTS (SELECT N FROM `rides` AS `r` WHERE `r`.`chair_id` = `c`.`id` AND (SELECT COUNT(`chair_sent_at`) FROM `ride_statuses` WHERE `ride_id` = `r`.`id`) != N)",0.038569,0.012856,0.015620,0.015620,0.000003,32979,10993.000000,57
2,"SELECT `c`.`id`,`l`.`latitude`,`l`.`longitude`,`m`.`speed` FROM (`chairs` AS `c` JOIN `chair_models` AS `m` ON `m`.`name` = `c`.`model`) JOIN `chair_locations` AS `l` ON `l`.`id` = (SELECT `id` FROM `chair_locations` WHERE `chair_id` = `c`.`id` ORDER BY `created_at` DESC,`id` DESC LIMIT N) WHERE `m`.`speed` > N AND `c`.`id` IN ('S','S','S','S','S','S','S','S','S','S','S','S','S','S','S','S','S','S','S','S','S','S','S','S','S','S','S','S','S','S','S','S','S','S','S','S','S','S','S','S','S','S','S','S','S','S','S','S','S','S','S','S','S','S','S','S','S','S','S','S','S','S','S','S','S','S','S','S','S','S','S','S','S','S','S','S','S','S','S','S','S','S','S','S','S','S','S','S','S','S','S','S','S','S','S','S','S','S','S','S','S','S','S','S','S','S','S','S','S','S','S','S','S','S','S','S','S') AND NOT EXISTS (SELECT N FROM `rides` AS `r` WHERE `r`.`chair_id` = `c`.`id` AND (SELECT COUNT(`chair_sent_at`) FROM `ride_statuses` WHERE `ride_id` = `r`.`id`) != N)",0.038442,0.019221,0.027152,0.027152,0.000002,29390,14695.000000,60
729,SELECT * FROM `payment_tokens` WHERE `user_id` = 'S',0.037461,0.000051,0.000163,0.001600,0.000248,729,1.000000,729
1,"SELECT `c`.`id`,`l`.`latitude`,`l`.`longitude`,`m`.`speed` FROM (`chairs` AS `c` JOIN `chair_models` AS `m` ON `m`.`name` = `c`.`model`) JOIN `chair_locations` AS `l` ON `l`.`id` = (SELECT `id` FROM `chair_locations` WHERE `chair_id` = `c`.`id` ORDER BY `created_at` DESC,`id` DESC LIMIT N) WHERE `m`.`speed` > N AND `c`.`id` IN ('S','S','S','S','S','S','S','S','S','S','S','S','S','S','S','S','S','S','S','S','S','S','S','S','S','S','S','S','S','S','S','S','S','S','S','S','S','S','S','S','S','S','S','S','S','S','S','S','S','S','S','S','S','S','S','S','S','S','S','S','S','S','S','S','S','S','S','S','S','S','S','S','S','S','S','S','S','S','S','S','S','S','S','S','S','S','S','S','S','S','S','S','S','S','S','S','S','S','S','S','S','S','S','S','S','S','S','S','S','S','S','S','S','S','S','S','S','S','S','S','S','S','S','S','S','S','S','S','S','S','S','S','S','S','S','S','S','S','S','S','S','S','S','S','S','S','S','S','S','S','S','S','S','S','S','S','S','S','S','S','S','S','S','S','S','S','S','S','S','S','S','S','S','S','S','S','S','S','S','S','S','S','S','S','S','S','S','S','S','S','S','S') AND NOT EXISTS (SELECT N FROM `rides` AS `r` WHERE `r`.`chair_id` = `c`.`id` AND (SELECT COUNT(`chair_sent_at`) FROM `ride_statuses` WHERE `ride_id` = `r`.`id`) != N)",0.037052,0.037052,0.037052,0.037052,0.000001,39743,39743.000000,62
1,"SELECT `c`.`id`,`l`.`latitude`,`l`.`longitude`,`m`.`speed` FROM (`chairs` AS `c` JOIN `chair_models` AS `m` ON `m`.`name` = `c`.`model`) JOIN `chair_locations` AS `l` ON `l`.`id` = (SELECT `id` FROM `chair_locations` WHERE `chair_id` = `c`.`id` ORDER BY `created_at` DESC,`id` DESC LIMIT N) WHERE `m`.`speed` > N AND `c`.`id` IN ('S','S','S','S','S','S','S','S','S','S','S','S','S','S','S','S','S','S','S','S','S','S','S','S','S','S','S','S','S','S','S','S','S','S','S','S','S','S','S','S','S','S','S','S','S','S','S','S','S','S','S','S','S','S','S','S','S','S','S','S','S','S','S','S','S','S','S','S','S','S','S','S','S','S','S','S','S','S','S','S','S','S','S','S','S','S','S','S','S','S','S','S','S','S','S','S','S','S','S','S','S','S','S','S','S','S','S','S','S','S','S','S','S','S','S','S','S','S') AND NOT EXISTS (SELECT N FROM `rides` AS `r` WHERE `r`.`chair_id` = `c`.`id` AND (SELECT COUNT(`chair_sent_at`) FROM `ride_statuses` WHERE `ride_id` = `r`.`id`) != N)",0.035485,0.035485,0.035485,0.035485,0.000001,12778,12778.000000,20
729,SELECT `value` FROM `settings` WHERE `name` = 'S',0.033706,0.000046,0.000170,0.001457,0.000381,729,1.000000,729
1074,SELECT CURRENT_TIMESTAMP(N),0.032842,0.000031,0.000100,0.002262,0.000000,1074,1.000000,1074
3,"SELECT `c`.`id`,`l`.`latitude`,`l`.`longitude`,`m`.`speed` FROM (`chairs` AS `c` JOIN `chair_models` AS `m` ON `m`.`name` = `c`.`model`) JOIN `chair_locations` AS `l` ON `l`.`id` = (SELECT `id` FROM `chair_locations` WHERE `chair_id` = `c`.`id` ORDER BY `created_at` DESC,`id` DESC LIMIT N) WHERE `m`.`speed` > N AND `c`.`id` IN ('S','S','S','S','S','S','S','S','S','S','S','S','S','S','S','S','S','S','S','S','S','S','S','S','S','S','S','S','S','S','S','S','S','S','S','S','S','S','S','S','S','S','S','S','S','S','S','S','S','S','S') AND NOT EXISTS (SELECT N FROM `rides` AS `r` WHERE `r`.`chair_id` = `c`.`id` AND (SELECT COUNT(`chair_sent_at`) FROM `ride_statuses` WHERE `ride_id` = `r`.`id`) != N)",0.032792,0.010931,0.019045,0.019045,0.000004,9337,3112.333333,21
54,"INSERT INTO `rides` (`id`,`user_id`,`pickup_latitude`,`pickup_longitude`,`destination_latitude`,`destination_longitude`) VALUES ('S','S',-N,-N,-N,-N)",0.030872,0.000572,0.004388,0.006200,0.015611,0,0.000000,0
28,"INSERT INTO `rides` (`id`,`user_id`,`pickup_latitude`,`pickup_longitude`,`destination_latitude`,`destination_longitude`) VALUES ('S','S',-N,-N,-N,N)",0.030749,0.001098,0.003106,0.025336,0.025276,0,0.000000,0
86,"SELECT `id`,`pickup_latitude`,`pickup_longitude` FROM `rides` WHERE `chair_id` IS NULL ORDER BY `created_at`,`id` LIMIT N for update skip locked",0.030348,0.000353,0.001943,0.003567,0.000231,851,9.895349,851
3,"SELECT `c`.`id`,`l`.`latitude`,`l`.`longitude`,`m`.`speed` FROM (`chairs` AS `c` JOIN `chair_models` AS `m` ON `m`.`name` = `c`.`model`) JOIN `chair_locations` AS `l` ON `l`.`id` = (SELECT `id` FROM `chair_locations` WHERE `chair_id` = `c`.`id` ORDER BY `created_at` DESC,`id` DESC LIMIT N) WHERE `m`.`speed` > N AND `c`.`id` IN ('S','S','S','S','S','S','S','S','S','S','S','S','S','S','S','S','S','S','S','S','S','S','S','S','S','S','S','S','S','S','S','S','S','S','S','S','S','S','S','S','S','S','S','S','S','S','S','S','S','S','S','S','S','S','S','S','S','S','S','S','S','S','S','S','S','S','S','S','S','S','S','S','S','S','S','S','S','S','S','S','S','S','S','S','S','S','S','S','S','S','S','S') AND NOT EXISTS (SELECT N FROM `rides` AS `r` WHERE `r`.`chair_id` = `c`.`id` AND (SELECT COUNT(`chair_sent_at`) FROM `ride_statuses` WHERE `ride_id` = `r`.`id`) != N)",0.027570,0.009190,0.014784,0.014784,0.000003,18024,6008.000000,24
4,"SELECT `c`.`id`,`l`.`latitude`,`l`.`longitude`,`m`.`speed` FROM (`chairs` AS `c` JOIN `chair_models` AS `m` ON `m`.`name` = `c`.`model`) JOIN `chair_locations` AS `l` ON `l`.`id` = (SELECT `id` FROM `chair_locations` WHERE `chair_id` = `c`.`id` ORDER BY `created_at` DESC,`id` DESC LIMIT N) WHERE `m`.`speed` > N AND `c`.`id` IN ('S','S','S','S','S','S','S','S','S','S','S','S','S','S','S','S','S','S','S','S','S','S','S','S','S','S','S','S','S','S','S','S','S','S','S','S','S','S','S','S','S','S','S','S','S','S','S','S','S','S','S','S','S','S','S','S') AND NOT EXISTS (SELECT N FROM `rides` AS `r` WHERE `r`.`chair_id` = `c`.`id` AND (SELECT COUNT(`chair_sent_at`) FROM `ride_statuses` WHERE `ride_id` = `r`.`id`) != N)",0.026629,0.006657,0.011931,0.011931,0.000008,11034,2758.500000,22
1,"SELECT `c`.`id`,`l`.`latitude`,`l`.`longitude`,`m`.`speed` FROM (`chairs` AS `c` JOIN `chair_models` AS `m` ON `m`.`name` = `c`.`model`) JOIN `chair_locations` AS `l` ON `l`.`id` = (SELECT `id` FROM `chair_locations` WHERE `chair_id` = `c`.`id` ORDER BY `created_at` DESC,`id` DESC LIMIT N) WHERE `m`.`speed` > N AND `c`.`id` IN ('S','S','S','S','S','S','S','S','S','S','S','S','S','S','S','S','S','S','S','S','S','S','S','S','S','S','S','S','S','S','S','S','S','S','S','S','S','S','S','S','S','S','S','S','S','S','S','S','S','S','S','S','S','S','S','S','S','S','S','S','S','S','S','S','S','S','S','S','S','S','S','S','S','S','S','S','S','S','S','S','S','S','S','S','S','S','S','S','S','S','S','S','S','S','S','S','S','S','S','S','S','S','S','S','S','S','S','S','S','S','S','S','S','S','S','S','S','S','S','S','S','S','S','S','S','S','S','S','S','S','S','S','S','S','S','S','S','S','S','S','S','S','S','S','S') AND NOT EXISTS (SELECT N FROM `rides` AS `r` WHERE `r`.`chair_id` = `c`.`id` AND (SELECT COUNT(`chair_sent_at`) FROM `ride_statuses` WHERE `ride_id` = `r`.`id`) != N)",0.025481,0.025481,0.025481,0.025481,0.000001,24707,24707.000000,42
3,"SELECT `c`.`id`,`l`.`latitude`,`l`.`longitude`,`m`.`speed` FROM (`chairs` AS `c` JOIN `chair_models` AS `m` ON `m`.`name` = `c`.`model`) JOIN `chair_locations` AS `l` ON `l`.`id` = (SELECT `id` FROM `chair_locations` WHERE `chair_id` = `c`.`id` ORDER BY `created_at` DESC,`id` DESC LIMIT N) WHERE `m`.`speed` > N AND `c`.`id` IN ('S','S','S','S','S','S','S','S','S','S','S','S','S','S','S','S','S','S','S','S','S','S','S','S','S','S','S','S','S','S','S','S','S','S','S','S','S','S','S','S','S','S','S','S','S') AND NOT EXISTS (SELECT N FROM `rides` AS `r` WHERE `r`.`chair_id` = `c`.`id` AND (SELECT COUNT(`chair_sent_at`) FROM `ride_statuses` WHERE `ride_id` = `r`.`id`) != N)",0.024070,0.008023,0.009238,0.009238,0.000003,7433,2477.666667,17
3,"SELECT `c`.`id`,`l`.`latitude`,`l`.`longitude`,`m`.`speed` FROM (`chairs` AS `c` JOIN `chair_models` AS `m` ON `m`.`name` = `c`.`model`) JOIN `chair_locations` AS `l` ON `l`.`id` = (SELECT `id` FROM `chair_locations` WHERE `chair_id` = `c`.`id` ORDER BY `created_at` DESC,`id` DESC LIMIT N) WHERE `m`.`speed` > N AND `c`.`id` IN ('S','S','S','S','S','S','S','S','S','S','S','S','S','S','S','S','S','S','S','S','S','S','S','S','S','S','S','S','S','S','S','S','S','S','S','S','S','S','S','S','S') AND NOT EXISTS (SELECT N FROM `rides` AS `r` WHERE `r`.`chair_id` = `c`.`id` AND (SELECT COUNT(`chair_sent_at`) FROM `ride_statuses` WHERE `ride_id` = `r`.`id`) != N)",0.023804,0.007935,0.015347,0.015347,0.000003,6694,2231.333333,16
3,"SELECT `c`.`id`,`l`.`latitude`,`l`.`longitude`,`m`.`speed` FROM (`chairs` AS `c` JOIN `chair_models` AS `m` ON `m`.`name` = `c`.`model`) JOIN `chair_locations` AS `l` ON `l`.`id` = (SELECT `id` FROM `chair_locations` WHERE `chair_id` = `c`.`id` ORDER BY `created_at` DESC,`id` DESC LIMIT N) WHERE `m`.`speed` > N AND `c`.`id` IN ('S','S','S','S','S','S','S','S','S','S','S','S','S','S','S','S','S','S','S','S','S','S','S','S','S','S','S','S','S','S','S','S','S','S','S','S') AND NOT EXISTS (SELECT N FROM `rides` AS `r` WHERE `r`.`chair_id` = `c`.`id` AND (SELECT COUNT(`chair_sent_at`) FROM `ride_statuses` WHERE `ride_id` = `r`.`id`) != N)",0.022936,0.007645,0.012764,0.012764,0.000002,5118,1706.000000,18
251,SELECT * FROM `coupons` WHERE `user_id` = 'S' AND `code` = 'S' AND `used_by` IS NULL for update,0.021840,0.000087,0.000471,0.001438,0.000170,251,1.000000,251
1,"SELECT `c`.`id`,`l`.`latitude`,`l`.`longitude`,`m`.`speed` FROM (`chairs` AS `c` JOIN `chair_models` AS `m` ON `m`.`name` = `c`.`model`) JOIN `chair_locations` AS `l` ON `l`.`id` = (SELECT `id` FROM `chair_locations` WHERE `chair_id` = `c`.`id` ORDER BY `created_at` DESC,`id` DESC LIMIT N) WHERE `m`.`speed` > N AND `c`.`id` IN ('S','S','S','S','S','S','S','S','S','S','S','S','S','S','S','S','S','S','S','S','S','S','S','S','S','S','S','S','S','S','S','S','S','S','S','S','S','S') AND NOT EXISTS (SELECT N FROM `rides` AS `r` WHERE `r`.`chair_id` = `c`.`id` AND (SELECT COUNT(`chair_sent_at`) FROM `ride_statuses` WHERE `ride_id` = `r`.`id`) != N)",0.017832,0.017832,0.017832,0.017832,0.000004,2460,2460.000000,6
21,"INSERT INTO `rides` (`id`,`user_id`,`pickup_latitude`,`pickup_longitude`,`destination_latitude`,`destination_longitude`) VALUES ('S','S',-N,N,N,N)",0.014092,0.000671,0.000416,0.012453,0.012186,0,0.000000,0
179,SELECT * FROM `owners` WHERE `chair_register_token` = 'S',0.013760,0.000077,0.000381,0.002646,0.000091,179,1.000000,179
1,"SELECT `c`.`id`,`l`.`latitude`,`l`.`longitude`,`m`.`speed` FROM (`chairs` AS `c` JOIN `chair_models` AS `m` ON `m`.`name` = `c`.`model`) JOIN `chair_locations` AS `l` ON `l`.`id` = (SELECT `id` FROM `chair_locations` WHERE `chair_id` = `c`.`id` ORDER BY `created_at` DESC,`id` DESC LIMIT N) WHERE `m`.`speed` > N AND `c`.`id` IN ('S','S','S','S','S','S','S','S','S','S','S','S','S','S','S','S','S','S','S','S','S','S','S','S','S','S','S','S','S','S','S','S','S','S','S','S','S','S','S','S','S','S','S','S','S','S','S','S','S','S','S','S','S','S','S','S','S','S','S','S','S','S','S','S','S','S','S','S','S','S','S','S','S','S','S','S','S','S','S','S','S','S','S','S','S','S','S','S','S','S','S','S','S','S','S','S','S') AND NOT EXISTS (SELECT N FROM `rides` AS `r` WHERE `r`.`chair_id` = `c`.`id` AND (SELECT COUNT(`chair_sent_at`) FROM `ride_statuses` WHERE `ride_id` = `r`.`id`) != N)",0.012554,0.012554,0.012554,0.012554,0.000005,8405,8405.000000,13
4,"SELECT `c`.`id`,`l`.`latitude`,`l`.`longitude`,`m`.`speed` FROM (`chairs` AS `c` JOIN `chair_models` AS `m` ON `m`.`name` = `c`.`model`) JOIN `chair_locations` AS `l` ON `l`.`id` = (SELECT `id` FROM `chair_locations` WHERE `chair_id` = `c`.`id` ORDER BY `created_at` DESC,`id` DESC LIMIT N) WHERE `m`.`speed` > N AND `c`.`id` IN ('S','S','S','S','S','S','S','S','S','S','S','S','S','S','S','S','S','S','S','S','S','S','S','S') AND NOT EXISTS (SELECT N FROM `rides` AS `r` WHERE `r`.`chair_id` = `c`.`id` AND (SELECT COUNT(`chair_sent_at`) FROM `ride_statuses` WHERE `ride_id` = `r`.`id`) != N)",0.011721,0.002930,0.004877,0.004877,0.000082,4992,1248.000000,20
281,SELECT * FROM `owners` WHERE `access_token` = 'S',0.011057,0.000039,0.000138,0.000501,0.000115,281,1.000000,281
129,SELECT COUNT(N) FROM `coupons` WHERE `code` = 'S',0.010672,0.000083,0.000289,0.000928,0.000048,72,0.558140,129
33,"INSERT INTO `rides` (`id`,`user_id`,`pickup_latitude`,`pickup_longitude`,`destination_latitude`,`destination_longitude`) VALUES ('S','S',-N,N,-N,N)",0.009465,0.000287,0.000453,0.005348,0.000011,0,0.000000,0
1,"SELECT `c`.`id`,`l`.`latitude`,`l`.`longitude`,`m`.`speed` FROM (`chairs` AS `c` JOIN `chair_models` AS `m` ON `m`.`name` = `c`.`model`) JOIN `chair_locations` AS `l` ON `l`.`id` = (SELECT `id` FROM `chair_locations` WHERE `chair_id` = `c`.`id` ORDER BY `created_at` DESC,`id` DESC LIMIT N) WHERE `m`.`speed` > N AND `c`.`id` IN ('S','S','S','S','S','S','S','S','S','S','S','S','S','S','S','S','S','S','S','S','S','S','S','S','S','S','S','S','S','S','S','S','S','S','S','S','S','S','S','S','S','S','S','S','S','S','S','S','S','S','S','S','S','S','S','S','S','S','S','S','S','S','S','S','S','S','S','S','S','S','S','S','S','S','S','S','S','S','S','S','S','S','S','S','S','S','S','S','S') AND NOT EXISTS (SELECT N FROM `rides` AS `r` WHERE `r`.`chair_id` = `c`.`id` AND (SELECT COUNT(`chair_sent_at`) FROM `ride_statuses` WHERE `ride_id` = `r`.`id`) != N)",0.007830,0.007830,0.007830,0.007830,0.000001,8395,8395.000000,20
22,"INSERT INTO `rides` (`id`,`user_id`,`pickup_latitude`,`pickup_longitude`,`destination_latitude`,`destination_longitude`) VALUES ('S','S',-N,N,N,-N)",0.005119,0.000233,0.000663,0.001082,0.000006,0,0.000000,0
1,"SELECT `c`.`id`,`l`.`latitude`,`l`.`longitude`,`m`.`speed` FROM (`chairs` AS `c` JOIN `chair_models` AS `m` ON `m`.`name` = `c`.`model`) JOIN `chair_locations` AS `l` ON `l`.`id` = (SELECT `id` FROM `chair_locations` WHERE `chair_id` = `c`.`id` ORDER BY `created_at` DESC,`id` DESC LIMIT N) WHERE `m`.`speed` > N AND `c`.`id` IN ('S','S','S','S','S','S','S','S','S','S','S','S','S','S','S','S','S','S','S','S','S','S','S','S','S','S','S','S','S','S','S','S','S','S','S','S','S','S','S','S','S','S','S','S','S','S','S','S','S','S','S','S','S','S','S','S','S','S','S','S','S','S','S','S','S','S','S','S','S','S','S','S','S','S','S','S','S','S','S','S') AND NOT EXISTS (SELECT N FROM `rides` AS `r` WHERE `r`.`chair_id` = `c`.`id` AND (SELECT COUNT(`chair_sent_at`) FROM `ride_statuses` WHERE `ride_id` = `r`.`id`) != N)",0.004658,0.004658,0.004658,0.004658,0.000001,5805,5805.000000,10
19,"INSERT INTO `rides` (`id`,`user_id`,`pickup_latitude`,`pickup_longitude`,`destination_latitude`,`destination_longitude`) VALUES ('S','S',-N,-N,N,N)",0.003305,0.000174,0.001030,0.001030,0.000006,0,0.000000,0
3,"SELECT `c`.`id`,`l`.`latitude`,`l`.`longitude`,`m`.`speed` FROM (`chairs` AS `c` JOIN `chair_models` AS `m` ON `m`.`name` = `c`.`model`) JOIN `chair_locations` AS `l` ON `l`.`id` = (SELECT `id` FROM `chair_locations` WHERE `chair_id` = `c`.`id` ORDER BY `created_at` DESC,`id` DESC LIMIT N) WHERE `m`.`speed` > N AND `c`.`id` IN ('S','S','S','S','S','S','S','S','S','S','S','S','S','S','S','S','S','S','S','S') AND NOT EXISTS (SELECT N FROM `rides` AS `r` WHERE `r`.`chair_id` = `c`.`id` AND (SELECT COUNT(`chair_sent_at`) FROM `ride_statuses` WHERE `ride_id` = `r`.`id`) != N)",0.002242,0.000747,0.000960,0.000960,0.000002,3210,1070.000000,22
16,"INSERT INTO `rides` (`id`,`user_id`,`pickup_latitude`,`pickup_longitude`,`destination_latitude`,`destination_longitude`) VALUES ('S','S',N,N,-N,-N)",0.002187,0.000137,0.000647,0.000647,0.000001,0,0.000000,0
